bench, tokens
vga_lcd, 73527
openmsp430, 207072
sha3, 9498
tiny_aes, 2473
sdcard_mass_storage_controller, 44137
sockit_owm, 7812
i2c, 23188
xge_mac, 79658
ethmac, 194000
pairing, 42150
ecg, 33430
tiny_tate_bilinear_pairing, 46775
reed_solomon_decoder, 52227
hpdmc, 29455
sdr_ctrl, 65383
