bench, words
vga_lcd, 18544
openmsp430, 46379
sha3, 2659
tiny_aes, 696
sdcard_mass_storage_controller, 8072
sockit_owm, 2214
i2c, 5835
xge_mac, 18141
ethmac, 43247
pairing, 11131
ecg, 8921
tiny_tate_bilinear_pairing, 11627
reed_solomon_decoder, 9353
hpdmc, 5822
sdr_ctrl, 14909
