bench, tokens, words
vga_lcd, 73527, 18544
openmsp430, 207072,46379
sha3, 9498,2659
tiny_aes, 2473,696
sdcard_mass_storage_controller, 44137,8072
sockit_owm, 7812,2214
i2c, 23188, 5835
xge_mac, 79658, 18141
ethmac, 194000, 43247
pairing, 42150, 11131
ecg, 33430, 8921
tiny_tate_bilinear_pairing, 46775, 11627
reed_solomon_decoder, 52227, 9353
hpdmc, 29455, 5822
sdr_ctrl, 65383, 14909
